Altium Designer Pick and Place Locations
C:\Users\henry\Documents\Documents\University\GitHub\PCB_MainBoard\bob-breakout-v1.1\pcb\Project Outputs for PCB_BobBreakout\Pick Place\Pick Place for bob_breakout-layout.csv

========================================================================================================================
File Design Information:

Date:       19-12-21
Time:       10:55
Revision:   16e044962177fd3cc49993c3e206e1fdbd0ee77d
Variant:    No variations
Units used: mil

"Designator","Comment","Layer","Footprint","Center-X(mil)","Center-Y(mil)","Rotation","Description"
"J4_5","B5B-ZR(LF)(SN)","TopLayer","JST_B5B-ZR(LF)(SN)","4940.000","1700.000","180","Connector Header Through Hole 5 position 0.059 (1.50mm)"
"J4_4","B5B-ZR(LF)(SN)","TopLayer","JST_B5B-ZR(LF)(SN)","4440.000","1700.000","180","Connector Header Through Hole 5 position 0.059 (1.50mm)"
"J4_3","B5B-ZR(LF)(SN)","TopLayer","JST_B5B-ZR(LF)(SN)","3930.000","1700.000","180","Connector Header Through Hole 5 position 0.059 (1.50mm)"
"J4_2","B5B-ZR(LF)(SN)","TopLayer","JST_B5B-ZR(LF)(SN)","138.835","2807.992","270","Connector Header Through Hole 5 position 0.059 (1.50mm)"
"J4_1","B5B-ZR(LF)(SN)","TopLayer","JST_B5B-ZR(LF)(SN)","140.000","2230.000","270","Connector Header Through Hole 5 position 0.059 (1.50mm)"
"CS5","Test Point (Via)","TopLayer","TP","3320.000","3840.000","0",""
"ENC_B1_1","Test Point (Via)","TopLayer","TP","390.000","2226.221","0",""
"R10_10","JUMPER","BottomLayer","0805","2413.000","3880.000","180","RES SMD 0 OHM JUMPER GENERIC 0805/0603"
"R9_10","JUMPER","BottomLayer","0805","2413.000","3800.000","180","RES SMD 0 OHM JUMPER GENERIC 0805/0603"
"R8_10","22","BottomLayer","0805","2413.000","3720.000","0","RES SMD 22 OHM 5% 1/8W 0805"
"U5","1:2 Mux/Demux","BottomLayer","TSOP65P400X110-8N","3700.000","2250.000","0","74LVC Series 5.5 V SMT 2-Channel Analog Multiplexer/Demultiplexer - TSSOP-8"
"U4","1:2 Mux/Demux","BottomLayer","TSOP65P400X110-8N","3100.000","2690.000","270","74LVC Series 5.5 V SMT 2-Channel Analog Multiplexer/Demultiplexer - TSSOP-8"
"U3","1:2 Mux/Demux","TopLayer","TSOP65P400X110-8N","2870.000","2270.000","180","74LVC Series 5.5 V SMT 2-Channel Analog Multiplexer/Demultiplexer - TSSOP-8"
"U2","1:2 Mux/Demux","BottomLayer","TSOP65P400X110-8N","1740.000","2630.000","180","74LVC Series 5.5 V SMT 2-Channel Analog Multiplexer/Demultiplexer - TSSOP-8"
"U1","1:2 Mux/Demux","TopLayer","TSOP65P400X110-8N","1050.000","2280.000","180","74LVC Series 5.5 V SMT 2-Channel Analog Multiplexer/Demultiplexer - TSSOP-8"
"1","Test Point (Via)","TopLayer","TP","4530.000","3690.000","0",""
"2","Test Point (Via)","TopLayer","TP","4530.000","3840.000","0",""
"S1","SPST 8.5A 125V","TopLayer","SPST_GF-123-0054","4030.000","2409.500","90","SWITCH SLIDE SPST 8.5A 125V"
"P1","CN HDR 18POS 2x9","TopLayer","HDR2x9","3640.000","3360.000","90",""
"P2_5","HDR 1x15","BottomLayer","TRINAMIC_BOB","4410.000","1090.000","0",""
"P2_4","HDR 1x15","BottomLayer","TRINAMIC_BOB","2800.000","1520.000","0",""
"P2_3","HDR 1x15","TopLayer","TRINAMIC_BOB","2890.000","1160.000","180",""
"P2_2","HDR 1x15","BottomLayer","TRINAMIC_BOB","1210.000","1520.000","0",""
"P2_1","HDR 1x15","TopLayer","TRINAMIC_BOB","1300.000","1160.000","180",""
"J3_5","39299044","TopLayer","39299044","4902.677","541.732","0","Molex 39299044 4POS Minifit
dual row, vertical"
"J3_4","39299044","TopLayer","39299044","4132.677","1141.732","0","Molex 39299044 4POS Minifit
dual row, vertical"
"J3_3","39299044","TopLayer","39299044","4137.323","541.732","0","Molex 39299044 4POS Minifit
dual row, vertical"
"J3_2","39299044","TopLayer","39299044","211.732","1622.677","90","Molex 39299044 4POS Minifit
dual row, vertical"
"J3_1","39299044","TopLayer","39299044","211.732","842.677","90","Molex 39299044 4POS Minifit
dual row, vertical"
"ENC_N1_5","Test Point (Via)","TopLayer","TP","5057.165","1562.835","270",""
"ENC_N1_4","Test Point (Via)","TopLayer","TP","4557.165","1562.835","270",""
"ENC_N1_3","Test Point (Via)","TopLayer","TP","4047.165","1561.890","270",""
"ENC_N1_2","Test Point (Via)","TopLayer","TP","390.000","2920.000","0",""
"ENC_N1_1","Test Point (Via)","TopLayer","TP","390.000","2346.221","0",""
"ENC_B1_3","Test Point (Via)","TopLayer","TP","3927.165","1561.890","270",""
"ENC_A1_3","Test Point (Via)","TopLayer","TP","3810.945","1561.890","270",""
"J2","CN HDR 40POS TH","TopLayer","SAMTEC_SSQ-120-22-G-D","1520.000","3570.000","180","SSQ - Samtec 2.54mm Square Tail Dual Row Socket Strip 8.5mm Profile"
"C2","0.1uF 25V","TopLayer","0805","613.000","3390.000","0","CAP CER 0.1UF 25V X7R 0805/0603"
"C1","0.1uF 25V","TopLayer","0805","610.000","3730.000","0","CAP CER 0.1UF 25V X7R 0805/0603"
"R2","100k","TopLayer","0603","4380.000","2600.000","270","RES SMD 100K OHM 5% 1/8W 0805/0603"
"R1","47k","TopLayer","0603","4380.000","2740.000","270","RES SMD 47k OHM 5% 1/8W 0805"
"Q1","IPB80P03P4L-04","TopLayer","IPB80P03P4L04","4760.000","2517.913","180","P-Channel 30 V 80A (Tc) 137W (Tc) Surface Mount PG-TO263-3-2"
"D1","SMAZ12-13-F","TopLayer","SMA_DIO-L","4490.000","2690.000","270","Zener Diode 12 V 1 W �5% Surface Mount SMA"
"R5","1.96K","TopLayer","0603","5110.000","2530.000","180","RES SMD 1.96K OHM 1% 1/8W 0805"
"R4","330","TopLayer","0603","4640.000","3690.000","180","RES SMD 330 OHM 5% 1/8W 0805"
"R3","110","TopLayer","0603","4621.496","3840.000","180","RES SMD 110 OHM 1% 1/8W 0805/0603"
"D4","LED2","TopLayer","3.2X1.6X1.1","5300.000","2550.000","0","Typical RED, GREEN, YELLOW, AMBER GaAs LED"
"D3","LED2","TopLayer","3.2X1.6X1.1","4830.000","3690.000","0","Typical RED, GREEN, YELLOW, AMBER GaAs LED"
"D2","LED2","TopLayer","3.2X1.6X1.1","4830.000","3840.000","0","Typical RED, GREEN, YELLOW, AMBER GaAs LED"
"R10_9","JUMPER","BottomLayer","0805","2290.000","3163.000","90","RES SMD 0 OHM JUMPER GENERIC 0805/0603"
"R10_8","JUMPER","BottomLayer","0805","1970.000","3167.000","90","RES SMD 0 OHM JUMPER GENERIC 0805/0603"
"R10_7","JUMPER","BottomLayer","0805","1740.000","3167.000","90","RES SMD 0 OHM JUMPER GENERIC 0805/0603"
"R10_6","JUMPER","BottomLayer","0805","1833.000","3880.000","0","RES SMD 0 OHM JUMPER GENERIC 0805/0603"
"R10_5","JUMPER","BottomLayer","0805","1607.000","3880.000","180","RES SMD 0 OHM JUMPER GENERIC 0805/0603"
"R10_4","JUMPER","BottomLayer","0805","3423.000","3700.000","0","RES SMD 0 OHM JUMPER GENERIC 0805/0603"
"R10_3","JUMPER","BottomLayer","0805","1280.000","3167.000","90","RES SMD 0 OHM JUMPER GENERIC 0805/0603"
"R10_2","JUMPER","BottomLayer","0805","1510.000","3167.000","90","RES SMD 0 OHM JUMPER GENERIC 0805/0603"
"R10_1","JUMPER","BottomLayer","0805","2520.000","3163.000","90","RES SMD 0 OHM JUMPER GENERIC 0805/0603"
"R9_9","JUMPER","BottomLayer","0805","2200.000","3163.000","90","RES SMD 0 OHM JUMPER GENERIC 0805/0603"
"R9_8","JUMPER","BottomLayer","0805","2060.000","3167.000","90","RES SMD 0 OHM JUMPER GENERIC 0805/0603"
"R9_7","JUMPER","BottomLayer","0805","1830.000","3167.000","90","RES SMD 0 OHM JUMPER GENERIC 0805/0603"
"R9_6","JUMPER","BottomLayer","0805","1833.000","3800.000","0","RES SMD 0 OHM JUMPER GENERIC 0805/0603"
"R9_5","JUMPER","BottomLayer","0805","1607.000","3800.000","180","RES SMD 0 OHM JUMPER GENERIC 0805/0603"
"R9_4","JUMPER","BottomLayer","0805","3423.000","3620.000","0","RES SMD 0 OHM JUMPER GENERIC 0805/0603"
"R9_3","JUMPER","BottomLayer","0805","1370.000","3167.000","90","RES SMD 0 OHM JUMPER GENERIC 0805/0603"
"R9_2","JUMPER","BottomLayer","0805","1600.000","3167.000","90","RES SMD 0 OHM JUMPER GENERIC 0805/0603"
"R9_1","JUMPER","BottomLayer","0805","2430.000","3163.000","90","RES SMD 0 OHM JUMPER GENERIC 0805/0603"
"R8_9","22","BottomLayer","0805","2200.000","3340.000","90","RES SMD 22 OHM 5% 1/8W 0805"
"R8_8","22","BottomLayer","0805","2060.000","3340.000","90","RES SMD 22 OHM 5% 1/8W 0805"
"R8_7","22","BottomLayer","0805","1830.000","3340.000","90","RES SMD 22 OHM 5% 1/8W 0805"
"R8_6","22","BottomLayer","0805","1833.000","3720.000","180","RES SMD 22 OHM 5% 1/8W 0805"
"R8_5","22","BottomLayer","0805","1607.000","3720.000","0","RES SMD 22 OHM 5% 1/8W 0805"
"R8_4","22","BottomLayer","0805","3423.000","3540.000","180","RES SMD 22 OHM 5% 1/8W 0805"
"R8_3","22","BottomLayer","0805","1370.000","3340.000","90","RES SMD 22 OHM 5% 1/8W 0805"
"R8_2","22","BottomLayer","0805","1600.000","3340.000","90","RES SMD 22 OHM 5% 1/8W 0805"
"R8_1","22","BottomLayer","0805","2430.000","3340.000","90","RES SMD 22 OHM 5% 1/8W 0805"
"GND1","Test Point (Via)","TopLayer","TP","4530.000","3570.000","90",""
"VCC1","Test Point (Via)","TopLayer","TP","5310.000","2420.000","90",""
"ENC_A1_5","Test Point (Via)","TopLayer","TP","4820.945","1562.835","270",""
"ENC_B1_5","Test Point (Via)","TopLayer","TP","4937.165","1562.835","270",""
"ENC_A1_4","Test Point (Via)","TopLayer","TP","4320.945","1562.835","270",""
"ENC_B1_4","Test Point (Via)","TopLayer","TP","4437.165","1562.835","270",""
"ENC_A1_2","Test Point (Via)","TopLayer","TP","390.000","2700.000","0",""
"ENC_B1_2","Test Point (Via)","TopLayer","TP","390.000","2800.000","0",""
"ENC_A1_1","Test Point (Via)","TopLayer","TP","390.000","2110.000","0",""
"C4","0.1uF 25V","BottomLayer","0805","4980.000","3200.000","180","CAP CER 0.1UF 25V X7R 0805/0603"
"U6_3","ADUM141D1BRQZ","TopLayer","SOP64P600X175-16N","3002.716","3043.504","0","Digital Isolator CMOS 4-CH 150Mbps 16-Pin QSOP T/R"
"U6_2","ADUM141D1BRQZ","TopLayer","SOP64P600X175-16N","3002.716","3393.504","0","Digital Isolator CMOS 4-CH 150Mbps 16-Pin QSOP T/R"
"U6_1","ADUM141D1BRQZ","TopLayer","SOP64P600X175-16N","3002.716","3743.504","0","Digital Isolator CMOS 4-CH 150Mbps 16-Pin QSOP T/R"
"R7_3","4.7k","TopLayer","0603","3190.591","2938.504","270","RES SMD 4.7k OHM 5% 1/8W 0805"
"R7_2","4.7k","TopLayer","0603","3190.591","3288.504","270","RES SMD 4.7k OHM 5% 1/8W 0805"
"R7_1","4.7k","TopLayer","0603","3190.591","3638.504","270","RES SMD 4.7k OHM 5% 1/8W 0805"
"R6_3","4.7k","TopLayer","0603","2820.591","2938.504","270","RES SMD 4.7k OHM 5% 1/8W 0805"
"R6_2","4.7k","TopLayer","0603","2820.591","3288.504","270","RES SMD 4.7k OHM 5% 1/8W 0805"
"R6_1","4.7k","TopLayer","0603","2820.591","3638.504","270","RES SMD 4.7k OHM 5% 1/8W 0805"
"J1","8A Molex","TopLayer","MOLEX_0430451012","5179.449","3079.999","270","CONN HEADER VERT 10POS 3MM"
"C9_3","0.10uF","TopLayer","0603","3190.591","3150.000","90","CAP CER 0.10UF 35V X7R 0603/0805"
"C9_2","0.10uF","TopLayer","0603","3190.591","3500.000","90","CAP CER 0.10UF 35V X7R 0603/0805"
"C9_1","0.10uF","TopLayer","0603","3190.591","3850.000","90","CAP CER 0.10UF 35V X7R 0603/0805"
"C8_3","0.10uF","TopLayer","0603","2820.591","3148.504","90","CAP CER 0.10UF 35V X7R 0603/0805"
"C8_2","0.10uF","TopLayer","0603","2820.591","3498.504","90","CAP CER 0.10UF 35V X7R 0603/0805"
"C8_1","0.10uF","TopLayer","0603","2820.591","3848.504","90","CAP CER 0.10UF 35V X7R 0603/0805"
"C7","0.1uF 25V","BottomLayer","0805","4980.000","2840.000","180","CAP CER 0.1UF 25V X7R 0805/0603"
"C6","0.1uF 25V","BottomLayer","0805","4980.000","2960.000","180","CAP CER 0.1UF 25V X7R 0805/0603"
"C5","0.1uF 25V","BottomLayer","0805","4980.000","3080.000","180","CAP CER 0.1UF 25V X7R 0805/0603"
"C3","0.1uF 25V","BottomLayer","0805","4980.000","3310.000","180","CAP CER 0.1UF 25V X7R 0805/0603"
