Altium Designer Pick and Place Locations
C:\Users\henry\Documents\Documents\University\GitHub\PCB_MainBoard\bob-breakout-v1.1\pcb\Project Outputs for PCB_BobBreakout\Pick Place\Pick Place for bob_breakout-layout.csv

========================================================================================================================
File Design Information:

Date:       15-12-21
Time:       23:34
Revision:   7e16ec724a81e90dc3dde3a5a302b084b940e657
Variant:    No variations
Units used: mil

"Designator","Comment","Layer","Footprint","Center-X(mil)","Center-Y(mil)","Rotation","Description"
"5V","Test Point (Via)","TopLayer","TP","4530.000","3690.000","0",""
"3V3","Test Point (Via)","TopLayer","TP","4530.000","3840.000","0",""
"S1","SPST 8.5A 125V","TopLayer","SPST_GF-123-0054","4030.000","2409.500","90","SWITCH SLIDE SPST 8.5A 125V"
"P1","CN HDR 18POS 2x9","TopLayer","HDR2x9","3640.000","3360.000","90",""
"P2_5","HDR 1x15","BottomLayer","TRINAMIC_BOB","4410.000","1090.000","0",""
"P2_4","HDR 1x15","BottomLayer","TRINAMIC_BOB","2800.000","1520.000","0",""
"P2_3","HDR 1x15","TopLayer","TRINAMIC_BOB","2800.000","1160.000","180",""
"P2_2","HDR 1x15","BottomLayer","TRINAMIC_BOB","1210.000","1520.000","0",""
"P2_1","HDR 1x15","TopLayer","TRINAMIC_BOB","1209.606","1161.890","180",""
"J3_5","39299044","TopLayer","39299044","4902.677","541.732","0","Molex 39299044 4POS Minifit
dual row, vertical"
"J3_4","39299044","TopLayer","39299044","4132.677","1141.732","0","Molex 39299044 4POS Minifit
dual row, vertical"
"J3_3","39299044","TopLayer","39299044","4137.323","541.732","0","Molex 39299044 4POS Minifit
dual row, vertical"
"J3_2","39299044","TopLayer","39299044","211.732","1622.677","270","Molex 39299044 4POS Minifit
dual row, vertical"
"J3_1","39299044","TopLayer","39299044","211.732","842.677","270","Molex 39299044 4POS Minifit
dual row, vertical"
"ENC_N_5","Test Point (Via)","TopLayer","TP","4799.055","1600.000","270",""
"ENC_N_4","Test Point (Via)","TopLayer","TP","4300.000","1600.000","270",""
"ENC_N_3","Test Point (Via)","TopLayer","TP","3800.945","1600.000","270",""
"ENC_N_2","Test Point (Via)","TopLayer","TP","301.890","2692.835","0",""
"ENC_N_1","Test Point (Via)","TopLayer","TP","300.000","2210.000","0",""
"J8_3","B5B-ZR(LF)(SN)","TopLayer","JST_B5B-ZR(LF)(SN)","3920.945","1750.000","0","Connector Header Through Hole 5 position 0.059 (1.50mm)"
"ENC_B_3","Test Point (Via)","TopLayer","TP","3920.945","1600.000","270",""
"ENC_A_3","Test Point (Via)","TopLayer","TP","4040.945","1600.000","270",""
"J9","CN HDR 40POS TH","TopLayer","SAMTEC_SSQ-120-22-G-D","1520.000","3570.000","180","SSQ - Samtec 2.54mm Square Tail Dual Row Socket Strip 8.5mm Profile"
"C2","0.1uF 25V","TopLayer","0805","613.000","3390.000","0","CAP CER 0.1UF 25V X7R 0805/0603"
"C1","0.1uF 25V","TopLayer","0805","610.000","3730.000","0","CAP CER 0.1UF 25V X7R 0805/0603"
"R9","100k","TopLayer","0603","4380.000","2600.000","270","RES SMD 100K OHM 5% 1/8W 0805/0603"
"R8","47k","TopLayer","0603","4380.000","2740.000","270","RES SMD 47k OHM 5% 1/8W 0805"
"Q1","IPB80P03P4L-04","TopLayer","IPB80P03P4L04","4760.000","2517.913","180","P-Channel 30 V 80A (Tc) 137W (Tc) Surface Mount PG-TO263-3-2"
"D4","SMAZ12-13-F","TopLayer","SMA_DIO-L","4490.000","2690.000","270","Zener Diode 12 V 1 W �5% Surface Mount SMA"
"R5","1.96K","TopLayer","0603","5110.000","2530.000","180","RES SMD 1.96K OHM 1% 1/8W 0805"
"R4","330","TopLayer","0603","4640.000","3690.000","180","RES SMD 330 OHM 5% 1/8W 0805"
"R3","110","TopLayer","0603","4621.496","3840.000","180","RES SMD 110 OHM 1% 1/8W 0805/0603"
"D3","LED2","TopLayer","3.2X1.6X1.1","5300.000","2550.000","0","Typical RED, GREEN, YELLOW, AMBER GaAs LED"
"D2","LED2","TopLayer","3.2X1.6X1.1","4830.000","3690.000","0","Typical RED, GREEN, YELLOW, AMBER GaAs LED"
"D1","LED2","TopLayer","3.2X1.6X1.1","4830.000","3840.000","0","Typical RED, GREEN, YELLOW, AMBER GaAs LED"
"R14_9","JUMPER","BottomLayer","0805","2290.000","3163.000","90","RES SMD 0 OHM JUMPER GENERIC 0805/0603"
"R14_8","JUMPER","BottomLayer","0805","1970.000","3167.000","90","RES SMD 0 OHM JUMPER GENERIC 0805/0603"
"R14_7","JUMPER","BottomLayer","0805","1740.000","3167.000","90","RES SMD 0 OHM JUMPER GENERIC 0805/0603"
"R14_6","JUMPER","BottomLayer","0805","1833.000","3880.000","0","RES SMD 0 OHM JUMPER GENERIC 0805/0603"
"R14_5","JUMPER","BottomLayer","0805","1607.000","3880.000","180","RES SMD 0 OHM JUMPER GENERIC 0805/0603"
"R14_4","JUMPER","BottomLayer","0805","3423.000","3700.000","0","RES SMD 0 OHM JUMPER GENERIC 0805/0603"
"R14_3","JUMPER","BottomLayer","0805","1280.000","3167.000","90","RES SMD 0 OHM JUMPER GENERIC 0805/0603"
"R14_2","JUMPER","BottomLayer","0805","1510.000","3167.000","90","RES SMD 0 OHM JUMPER GENERIC 0805/0603"
"R14_1","JUMPER","BottomLayer","0805","2520.000","3163.000","90","RES SMD 0 OHM JUMPER GENERIC 0805/0603"
"R13_9","JUMPER","BottomLayer","0805","2200.000","3163.000","90","RES SMD 0 OHM JUMPER GENERIC 0805/0603"
"R13_8","JUMPER","BottomLayer","0805","2060.000","3167.000","90","RES SMD 0 OHM JUMPER GENERIC 0805/0603"
"R13_7","JUMPER","BottomLayer","0805","1830.000","3167.000","90","RES SMD 0 OHM JUMPER GENERIC 0805/0603"
"R13_6","JUMPER","BottomLayer","0805","1833.000","3800.000","0","RES SMD 0 OHM JUMPER GENERIC 0805/0603"
"R13_5","JUMPER","BottomLayer","0805","1607.000","3800.000","180","RES SMD 0 OHM JUMPER GENERIC 0805/0603"
"R13_4","JUMPER","BottomLayer","0805","3423.000","3620.000","0","RES SMD 0 OHM JUMPER GENERIC 0805/0603"
"R13_3","JUMPER","BottomLayer","0805","1370.000","3167.000","90","RES SMD 0 OHM JUMPER GENERIC 0805/0603"
"R13_2","JUMPER","BottomLayer","0805","1600.000","3167.000","90","RES SMD 0 OHM JUMPER GENERIC 0805/0603"
"R13_1","JUMPER","BottomLayer","0805","2430.000","3163.000","90","RES SMD 0 OHM JUMPER GENERIC 0805/0603"
"R12_9","22","BottomLayer","0805","2200.000","3340.000","90","RES SMD 22 OHM 5% 1/8W 0805"
"R12_8","22","BottomLayer","0805","2060.000","3340.000","90","RES SMD 22 OHM 5% 1/8W 0805"
"R12_7","22","BottomLayer","0805","1830.000","3340.000","90","RES SMD 22 OHM 5% 1/8W 0805"
"R12_6","22","BottomLayer","0805","1833.000","3720.000","180","RES SMD 22 OHM 5% 1/8W 0805"
"R12_5","22","BottomLayer","0805","1607.000","3720.000","0","RES SMD 22 OHM 5% 1/8W 0805"
"R12_4","22","BottomLayer","0805","3423.000","3540.000","180","RES SMD 22 OHM 5% 1/8W 0805"
"R12_3","22","BottomLayer","0805","1370.000","3340.000","90","RES SMD 22 OHM 5% 1/8W 0805"
"R12_2","22","BottomLayer","0805","1600.000","3340.000","90","RES SMD 22 OHM 5% 1/8W 0805"
"R12_1","22","BottomLayer","0805","2430.000","3340.000","90","RES SMD 22 OHM 5% 1/8W 0805"
"GND","Test Point (Via)","TopLayer","TP","4530.000","3570.000","90",""
"VCC","Test Point (Via)","TopLayer","TP","5310.000","2420.000","90",""
"ENC_A_5","Test Point (Via)","TopLayer","TP","5039.055","1600.000","270",""
"ENC_B_5","Test Point (Via)","TopLayer","TP","4919.055","1600.000","270",""
"ENC_A_4","Test Point (Via)","TopLayer","TP","4540.000","1600.000","270",""
"ENC_B_4","Test Point (Via)","TopLayer","TP","4420.000","1600.000","270",""
"ENC_A_2","Test Point (Via)","TopLayer","TP","301.890","2932.835","0",""
"ENC_B_2","Test Point (Via)","TopLayer","TP","301.890","2812.835","0",""
"ENC_A_1","Test Point (Via)","TopLayer","TP","300.000","2450.000","0",""
"ENC_B_1","Test Point (Via)","TopLayer","TP","300.000","2330.000","0",""
"C4","0.1uF 25V","BottomLayer","0805","4980.000","3200.000","180","CAP CER 0.1UF 25V X7R 0805/0603"
"U1_3","ADUM141D1BRQZ","TopLayer","SOP64P600X175-16N","3002.716","3043.504","0","Digital Isolator CMOS 4-CH 150Mbps 16-Pin QSOP T/R"
"U1_2","ADUM141D1BRQZ","TopLayer","SOP64P600X175-16N","3002.716","3393.504","0","Digital Isolator CMOS 4-CH 150Mbps 16-Pin QSOP T/R"
"U1_1","ADUM141D1BRQZ","TopLayer","SOP64P600X175-16N","3002.716","3743.504","0","Digital Isolator CMOS 4-CH 150Mbps 16-Pin QSOP T/R"
"R2_3","4.7k","TopLayer","0603","3190.591","2938.504","270","RES SMD 4.7k OHM 5% 1/8W 0805"
"R2_2","4.7k","TopLayer","0603","3190.591","3288.504","270","RES SMD 4.7k OHM 5% 1/8W 0805"
"R2_1","4.7k","TopLayer","0603","3190.591","3638.504","270","RES SMD 4.7k OHM 5% 1/8W 0805"
"R1_3","4.7k","TopLayer","0603","2820.591","2938.504","270","RES SMD 4.7k OHM 5% 1/8W 0805"
"R1_2","4.7k","TopLayer","0603","2820.591","3288.504","270","RES SMD 4.7k OHM 5% 1/8W 0805"
"R1_1","4.7k","TopLayer","0603","2820.591","3638.504","270","RES SMD 4.7k OHM 5% 1/8W 0805"
"J8_5","B5B-ZR(LF)(SN)","TopLayer","JST_B5B-ZR(LF)(SN)","4919.055","1750.000","0","Connector Header Through Hole 5 position 0.059 (1.50mm)"
"J8_4","B5B-ZR(LF)(SN)","TopLayer","JST_B5B-ZR(LF)(SN)","4420.000","1750.000","0","Connector Header Through Hole 5 position 0.059 (1.50mm)"
"J8_2","B5B-ZR(LF)(SN)","TopLayer","JST_B5B-ZR(LF)(SN)","151.890","2812.835","90","Connector Header Through Hole 5 position 0.059 (1.50mm)"
"J8_1","B5B-ZR(LF)(SN)","TopLayer","JST_B5B-ZR(LF)(SN)","150.000","2330.000","90","Connector Header Through Hole 5 position 0.059 (1.50mm)"
"J2","8A Molex","TopLayer","MOLEX_0430451012","5179.449","3079.999","270","CONN HEADER VERT 10POS 3MM"
"C9_3","0.10uF","TopLayer","0603","3190.591","3150.000","90","CAP CER 0.10UF 35V X7R 0603/0805"
"C9_2","0.10uF","TopLayer","0603","3190.591","3500.000","90","CAP CER 0.10UF 35V X7R 0603/0805"
"C9_1","0.10uF","TopLayer","0603","3190.591","3850.000","90","CAP CER 0.10UF 35V X7R 0603/0805"
"C8_3","0.10uF","TopLayer","0603","2820.591","3148.504","90","CAP CER 0.10UF 35V X7R 0603/0805"
"C8_2","0.10uF","TopLayer","0603","2820.591","3498.504","90","CAP CER 0.10UF 35V X7R 0603/0805"
"C8_1","0.10uF","TopLayer","0603","2820.591","3848.504","90","CAP CER 0.10UF 35V X7R 0603/0805"
"C7","0.1uF 25V","BottomLayer","0805","4980.000","2840.000","180","CAP CER 0.1UF 25V X7R 0805/0603"
"C6","0.1uF 25V","BottomLayer","0805","4980.000","2960.000","180","CAP CER 0.1UF 25V X7R 0805/0603"
"C5","0.1uF 25V","BottomLayer","0805","4980.000","3080.000","180","CAP CER 0.1UF 25V X7R 0805/0603"
"C3","0.1uF 25V","BottomLayer","0805","4980.000","3310.000","180","CAP CER 0.1UF 25V X7R 0805/0603"
